Last login: Thu Jan 11 13:46:16 on ttys001
Inderpreets-MacBook-Air:~ inderpreettoor$ /usr/bin/clear; ssh -i '/Users/inderpreettoor/.bitnami/stackman/machines/xampp/ssh/id_rsa' -o StrictHostKeyChecking=no 'root@192.168.64.2'




















Warning: Permanently added '192.168.64.2' (ECDSA) to the list of known hosts.

The programs included with the Debian GNU/Linux system are free software;
the exact distribution terms for each program are described in the
individual files in /usr/share/doc/*/copyright.

Debian GNU/Linux comes with ABSOLUTELY NO WARRANTY, to the extent
permitted by applicable law.
root@debian:~# mysql -u root -p
Enter password: 
Welcome to the MariaDB monitor.  Commands end with ; or \g.
Your MariaDB connection id is 3
Server version: 10.1.29-MariaDB Source distribution

Copyright (c) 2000, 2017, Oracle, MariaDB Corporation Ab and others.

Type 'help;' or '\h' for help. Type '\c' to clear the current input statement.

MariaDB [(none)]> show databases;
+--------------------+
| Database           |
+--------------------+
| information_schema |
| mysql              |
| performance_schema |
| phpmyadmin         |
| test               |
+--------------------+
5 rows in set (0.01 sec)

MariaDB [(none)]> create database customer;
Query OK, 1 row affected (0.00 sec)

MariaDB [(none)]> use customer;
Database changed
MariaDB [customer]> create database csd2204w18;
Query OK, 1 row affected (0.00 sec)

MariaDB [customer]> use csd2204w18;
Database changed
MariaDB [csd2204w18]> create table customers(
    ->        customersID int(2),
    ->         name varchar(40),
    ->      nickname varchar(10),
    ->           address varchar(50),
    ->         city varchar(30),
    ->         postalCode int(6)
    ->         );
Query OK, 0 rows affected (0.01 sec)

MariaDB [csd2204w18]> show tables;
+----------------------+
| Tables_in_csd2204w18 |
+----------------------+
| customers            |
+----------------------+
1 row in set (0.00 sec)

MariaDB [csd2204w18]> show tables;
+----------------------+
| Tables_in_csd2204w18 |
+----------------------+
| customers            |
+----------------------+
1 row in set (0.00 sec)

MariaDB [csd2204w18]> desc customers;
+-------------+-------------+------+-----+---------+-------+
| Field       | Type        | Null | Key | Default | Extra |
+-------------+-------------+------+-----+---------+-------+
| customersID | int(2)      | YES  |     | NULL    |       |
| name        | varchar(40) | YES  |     | NULL    |       |
| nickname    | varchar(10) | YES  |     | NULL    |       |
| address     | varchar(50) | YES  |     | NULL    |       |
| city        | varchar(30) | YES  |     | NULL    |       |
| postalCode  | int(6)      | YES  |     | NULL    |       |
+-------------+-------------+------+-----+---------+-------+
6 rows in set (0.00 sec)

MariaDB [csd2204w18]> show create table customers;
+-----------+----------------------------------------------------------------------------------------------------------------------------------------------------------------------------------------------------------------------------------------------------------------------------------------------+
| Table     | Create Table                                                                                                                                                                                                                                                                                 |
+-----------+----------------------------------------------------------------------------------------------------------------------------------------------------------------------------------------------------------------------------------------------------------------------------------------------+
| customers | CREATE TABLE `customers` (
  `customersID` int(2) DEFAULT NULL,
  `name` varchar(40) DEFAULT NULL,
  `nickname` varchar(10) DEFAULT NULL,
  `address` varchar(50) DEFAULT NULL,
  `city` varchar(30) DEFAULT NULL,
  `postalCode` int(6) DEFAULT NULL
) ENGINE=InnoDB DEFAULT CHARSET=latin1 |
+-----------+----------------------------------------------------------------------------------------------------------------------------------------------------------------------------------------------------------------------------------------------------------------------------------------------+
1 row in set (0.00 sec)

MariaDB [csd2204w18]> insert into customers values(1,'inder','toor','washburn','toronto',123456);
Query OK, 1 row affected (0.01 sec)

MariaDB [csd2204w18]> insert into customers values(2,'jasleen','hathi','shpd av east','toronto',567890);
Query OK, 1 row affected (0.00 sec)

MariaDB [csd2204w18]> insert into customers values(3,'cherlis','theron','keele street','new york',263789);
Query OK, 1 row affected (0.01 sec)

MariaDB [csd2204w18]> insert into customers values(4,'denial','jack','spartan building','brazil',456738);
Query OK, 1 row affected (0.00 sec)

MariaDB [csd2204w18]> insert into customers values(5,'donna newman','new','250 carlson blvd','toronto',201023);
Query OK, 1 row affected (0.01 sec)

MariaDB [csd2204w18]> insert into customers values(6,'eston','est','21 york dv','toronto',764894);
Query OK, 1 row affected (0.01 sec)

MariaDB [csd2204w18]> insert into customers values(7,'bobby chacko','chac','kennedy','new york',354789);
Query OK, 1 row affected (0.00 sec)

MariaDB [csd2204w18]> insert into customers values(8,'ashko charles','ak','washington','usa',46578);
Query OK, 1 row affected (0.01 sec)

MariaDB [csd2204w18]> insert into customers values(8,'ashko charles','ak','washington','usa',46578);
Query OK, 1 row affected (0.00 sec)

MariaDB [csd2204w18]> insert into customers values(9,'spec','st','oakville','usa',67494);
Query OK, 1 row affected (0.01 sec)

MariaDB [csd2204w18]> insert into customers values(10,'steve job','job','toronto','canada',594032);
Query OK, 1 row affected (0.01 sec)

MariaDB [csd2204w18]> select * from customers;
+-------------+---------------+----------+------------------+----------+------------+
| customersID | name          | nickname | address          | city     | postalCode |
+-------------+---------------+----------+------------------+----------+------------+
|           1 | inder         | toor     | washburn         | toronto  |     123456 |
|           2 | jasleen       | hathi    | shpd av east     | toronto  |     567890 |
|           3 | cherlis       | theron   | keele street     | new york |     263789 |
|           4 | denial        | jack     | spartan building | brazil   |     456738 |
|           5 | donna newman  | new      | 250 carlson blvd | toronto  |     201023 |
|           6 | eston         | est      | 21 york dv       | toronto  |     764894 |
|           7 | bobby chacko  | chac     | kennedy          | new york |     354789 |
|           8 | ashko charles | ak       | washington       | usa      |      46578 |
|           8 | ashko charles | ak       | washington       | usa      |      46578 |
|           9 | spec          | st       | oakville         | usa      |      67494 |
|          10 | steve job     | job      | toronto          | canada   |     594032 |
+-------------+---------------+----------+------------------+----------+------------+
11 rows in set (0.00 sec)

MariaDB [csd2204w18]> SELECT * FROM Customers
    -> WHERE NOT nickname='chac';
ERROR 1146 (42S02): Table 'csd2204w18.Customers' doesn't exist
MariaDB [csd2204w18]> select * from customers WHERE NOT nickname = 'chac';
+-------------+---------------+----------+------------------+----------+------------+
| customersID | name          | nickname | address          | city     | postalCode |
+-------------+---------------+----------+------------------+----------+------------+
|           1 | inder         | toor     | washburn         | toronto  |     123456 |
|           2 | jasleen       | hathi    | shpd av east     | toronto  |     567890 |
|           3 | cherlis       | theron   | keele street     | new york |     263789 |
|           4 | denial        | jack     | spartan building | brazil   |     456738 |
|           5 | donna newman  | new      | 250 carlson blvd | toronto  |     201023 |
|           6 | eston         | est      | 21 york dv       | toronto  |     764894 |
|           8 | ashko charles | ak       | washington       | usa      |      46578 |
|           8 | ashko charles | ak       | washington       | usa      |      46578 |
|           9 | spec          | st       | oakville         | usa      |      67494 |
|          10 | steve job     | job      | toronto          | canada   |     594032 |
+-------------+---------------+----------+------------------+----------+------------+
10 rows in set (0.00 sec)

MariaDB [csd2204w18]> select * from customers WHERE name = 'denial' AND (city = 'brazil' OR city = 'usa');
+-------------+--------+----------+------------------+--------+------------+
| customersID | name   | nickname | address          | city   | postalCode |
+-------------+--------+----------+------------------+--------+------------+
|           4 | denial | jack     | spartan building | brazil |     456738 |
+-------------+--------+----------+------------------+--------+------------+
1 row in set (0.00 sec)

MariaDB [csd2204w18]> exit
Bye
root@debian:~# mysqldump -p -u root csd2204w18 >Day4.sql
Enter password: 
root@debian:~# 
